{"count": 80, "results": [{"id": 1, "name": "Score Board", "description": "Find the carefully hidden 'Score Board' page. (Difficulty Level: 1)", "max_attempts": 0, "value": 100, "category": "Security through Obscurity", "type": "standard", "state": "visible", "requirements": null}, {"id": 2, "name": "Email Leak", "description": "Perform an unwanted information disclosure by accessing data cross-domain. (Difficulty Level: 5)", "max_attempts": 0, "value": 1000, "category": "Sensitive Data Exposure", "type": "standard", "state": "visible", "requirements": null}, {"id": 3, "name": "Error Handling", "description": "Provoke an error that is not very gracefully handled. (Difficulty Level: 1)", "max_attempts": 0, "value": 100, "category": "Security Misconfiguration", "type": "standard", "state": "visible", "requirements": null}, {"id": 4, "name": "Forged Review", "description": "Post a product review as another user or edit any user's existing review. (Difficulty Level: 3)", "max_attempts": 0, "value": 450, "category": "Broken Access Control", "type": "standard", "state": "visible", "requirements": null}, {"id": 5, "name": "Login Admin", "description": "Log in with the administrator's user account. (Difficulty Level: 2)", "max_attempts": 0, "value": 250, "category": "Injection", "type": "standard", "state": "visible", "requirements": null}, {"id": 6, "name": "Login Jim", "description": "Log in with Jim's user account. (Difficulty Level: 3)", "max_attempts": 0, "value": 450, "category": "Injection", "type": "standard", "state": "visible", "requirements": null}, {"id": 7, "name": "Login Bender", "description": "Log in with Bender's user account. (Difficulty Level: 3)", "max_attempts": 0, "value": 450, "category": "Injection", "type": "standard", "state": "visible", "requirements": null}, {"id": 8, "name": "Password Strength", "description": "Log in with the administrator's user credentials without previously changing them or applying SQL Injection. (Difficulty Level: 2)", "max_attempts": 0, "value": 250, "category": "Broken Authentication", "type": "standard", "state": "visible", "requirements": null}, {"id": 9, "name": "Five-Star Feedback", "description": "Get rid of all 5-star customer feedback. (Difficulty Level: 2)", "max_attempts": 0, "value": 250, "category": "Broken Access Control", "type": "standard", "state": "visible", "requirements": null}, {"id": 10, "name": "Forged Feedback", "description": "Post some feedback in another users name. (Difficulty Level: 3)", "max_attempts": 0, "value": 450, "category": "Broken Access Control", "type": "standard", "state": "visible", "requirements": null}, {"id": 11, "name": "Redirects Tier 1", "description": "Let us redirect you to a donation site that went out of business. (Difficulty Level: 1)", "max_attempts": 0, "value": 100, "category": "Forgotten Content", "type": "standard", "state": "visible", "requirements": null}, {"id": 12, "name": "Redirects Tier 2", "description": "Wherever you go, there you are. (Difficulty Level: 4)", "max_attempts": 0, "value": 700, "category": "Roll your own Security", "type": "standard", "state": "visible", "requirements": null}, {"id": 13, "name": "Basket Access Tier 1", "description": "View another user's shopping basket. (Difficulty Level: 2)", "max_attempts": 0, "value": 250, "category": "Broken Access Control", "type": "standard", "state": "visible", "requirements": null}, {"id": 14, "name": "Basket Access Tier 2", "description": "Put an additional product into another user's shopping basket. (Difficulty Level: 3)", "max_attempts": 0, "value": 450, "category": "Broken Access Control", "type": "standard", "state": "visible", "requirements": null}, {"id": 15, "name": "Payback Time", "description": "Place an order that makes you rich. (Difficulty Level: 3)", "max_attempts": 0, "value": 450, "category": "Improper Input Validation", "type": "standard", "state": "visible", "requirements": null}, {"id": 16, "name": "Confidential Document", "description": "Access a confidential document. (Difficulty Level: 1)", "max_attempts": 0, "value": 100, "category": "Sensitive Data Exposure", "type": "standard", "state": "visible", "requirements": null}, {"id": 17, "name": "Forgotten Developer Backup", "description": "Access a developer's forgotten backup file. (Difficulty Level: 4)", "max_attempts": 0, "value": 700, "category": "Roll your own Security", "type": "standard", "state": "visible", "requirements": null}, {"id": 18, "name": "Forgotten Sales Backup", "description": "Access a salesman's forgotten backup file. (Difficulty Level: 3)", "max_attempts": 0, "value": 450, "category": "Security Misconfiguration", "type": "standard", "state": "visible", "requirements": null}, {"id": 19, "name": "Admin Section", "description": "Access the administration section of the store. (Difficulty Level: 2)", "max_attempts": 0, "value": 250, "category": "Broken Access Control", "type": "standard", "state": "visible", "requirements": null}, {"id": 20, "name": "Product Tampering", "description": "Change the <code>href</code> of the link within the <a href=\"/#/search?q=OWASP SSL Advanced Forensic Tool (O-Saft)\">OWASP SSL Advanced Forensic Tool (O-Saft)</a> product description into <i>https://owasp.slack.com</i>. (Difficulty Level: 3)", "max_attempts": 0, "value": 450, "category": "Broken Access Control", "type": "standard", "state": "visible", "requirements": null}, {"id": 21, "name": "Vulnerable Library", "description": "<a href=\"/#/contact\">Inform the shop</a> about a vulnerable library it is using. (Mention the exact library name and version in your comment) (Difficulty Level: 4)", "max_attempts": 0, "value": 700, "category": "Vulnerable Components", "type": "standard", "state": "visible", "requirements": null}, {"id": 22, "name": "Weird Crypto", "description": "<a href=\"/#/contact\">Inform the shop</a> about an algorithm or library it should definitely not use the way it does. (Difficulty Level: 2)", "max_attempts": 0, "value": 250, "category": "Sensitive Data Exposure", "type": "standard", "state": "visible", "requirements": null}, {"id": 23, "name": "Easter Egg Tier 1", "description": "Find the hidden <a href=\"http://en.wikipedia.org/wiki/Easter_egg_(media)\" target=\"_blank\">easter egg</a>. (Difficulty Level: 4)", "max_attempts": 0, "value": 700, "category": "Roll your own Security", "type": "standard", "state": "visible", "requirements": null}, {"id": 24, "name": "Easter Egg Tier 2", "description": "Apply some advanced cryptanalysis to find <i>the real</i> easter egg. (Difficulty Level: 4)", "max_attempts": 0, "value": 700, "category": "Security through Obscurity", "type": "standard", "state": "visible", "requirements": null}, {"id": 25, "name": "Forged Coupon", "description": "Forge a coupon code that gives you a discount of at least 80%. (Difficulty Level: 6)", "max_attempts": 0, "value": 1350, "category": "Sensitive Data Exposure", "type": "standard", "state": "visible", "requirements": null}, {"id": 26, "name": "Upload Size", "description": "Upload a file larger than 100 kB. (Difficulty Level: 3)", "max_attempts": 0, "value": 450, "category": "Improper Input Validation", "type": "standard", "state": "visible", "requirements": null}, {"id": 27, "name": "Upload Type", "description": "Upload a file that has no .pdf extension. (Difficulty Level: 3)", "max_attempts": 0, "value": 450, "category": "Improper Input Validation", "type": "standard", "state": "visible", "requirements": null}, {"id": 28, "name": "Arbitrary File Write", "description": "Overwrite the <a href=\"/ftp/legal.md\">Legal Information</a> file. (Difficulty Level: 6)", "max_attempts": 0, "value": 1350, "category": "Vulnerable Components", "type": "standard", "state": "visible", "requirements": null}, {"id": 29, "name": "Extra Language", "description": "Retrieve the language file that never made it into production. (Difficulty Level: 5)", "max_attempts": 0, "value": 1000, "category": "Forgotten Content", "type": "standard", "state": "visible", "requirements": null}, {"id": 30, "name": "CAPTCHA Bypass Tier 1", "description": "Submit 10 or more customer feedbacks within 10 seconds. (Difficulty Level: 3)", "max_attempts": 0, "value": 450, "category": "Roll your own Security", "type": "standard", "state": "visible", "requirements": null}, {"id": 31, "name": "Zero Stars", "description": "Give a devastating zero-star feedback to the store. (Difficulty Level: 1)", "max_attempts": 0, "value": 100, "category": "Improper Input Validation", "type": "standard", "state": "visible", "requirements": null}, {"id": 32, "name": "Imaginary Challenge", "description": "Solve challenge #999. Unfortunately, this challenge does not exist. (Difficulty Level: 6)", "max_attempts": 0, "value": 1350, "category": "Sensitive Data Exposure", "type": "standard", "state": "visible", "requirements": null}, {"id": 33, "name": "Login Bjoern", "description": "Log in with Bjoern's Gmail account <i>without</i> previously changing his password, applying SQL Injection, or hacking his Google account. (Difficulty Level: 4)", "max_attempts": 0, "value": 700, "category": "Broken Authentication", "type": "standard", "state": "visible", "requirements": null}, {"id": 34, "name": "Login CISO", "description": "Exploit OAuth 2.0 to log in with the Chief Information Security Officer's user account. (Difficulty Level: 5)", "max_attempts": 0, "value": 1000, "category": "Broken Authentication", "type": "standard", "state": "visible", "requirements": null}, {"id": 35, "name": "Login Support Team", "description": "Log in with the support team's original user credentials without applying SQL Injection or any other bypass. (Difficulty Level: 6)", "max_attempts": 0, "value": 1350, "category": "Security Misconfiguration", "type": "standard", "state": "visible", "requirements": null}, {"id": 36, "name": "Login MC SafeSearch", "description": "Log in with MC SafeSearch's original user credentials without applying SQL Injection or any other bypass. (Difficulty Level: 2)", "max_attempts": 0, "value": 250, "category": "Sensitive Data Exposure", "type": "standard", "state": "visible", "requirements": null}, {"id": 37, "name": "Premium Paywall", "description": "<i class=\"far fa-gem\"></i><i class=\"far fa-gem\"></i><i class=\"far fa-gem\"></i><i class=\"far fa-gem\"></i><i class=\"far fa-gem\"></i><!--IvLuRfBJYlmStf9XfL6ckJFngyd9LfV1JaaN/KRTPQPidTuJ7FR+D/nkWJUF+0xUF07CeCeqYfxq+OJVVa0gNbqgYkUNvn//UbE7e95C+6e+7GtdpqJ8mqm4WcPvUGIUxmGLTTAC2+G9UuFCD1DUjg==--> <a href=\"/redirect?to=https://blockchain.info/address/1AbKfgvw9psQ41NbLi8kufDQTezwG8DRZm\" target=\"_blank\"><i class=\"fab fa-btc fa-sm\"></i> Unlock Premium Challenge</a> to access exclusive content. (Difficulty Level: 6)", "max_attempts": 0, "value": 1350, "category": "Sensitive Data Exposure", "type": "standard", "state": "visible", "requirements": null}, {"id": 38, "name": "Reset Jim's Password", "description": "Reset Jim's password via the <a href=\"/#/forgot-password\">Forgot Password</a> mechanism with <i>the original answer</i> to his security question. (Difficulty Level: 3)", "max_attempts": 0, "value": 450, "category": "Broken Authentication", "type": "standard", "state": "visible", "requirements": null}, {"id": 39, "name": "Reset Bender's Password", "description": "Reset Bender's password via the <a href=\"/#/forgot-password\">Forgot Password</a> mechanism with <i>the original answer</i> to his security question. (Difficulty Level: 4)", "max_attempts": 0, "value": 700, "category": "Broken Authentication", "type": "standard", "state": "visible", "requirements": null}, {"id": 40, "name": "Reset Morty's Password", "description": "Reset Morty's password via the <a href=\"/#/forgot-password\">Forgot Password</a> mechanism with <i>his obfuscated answer</i> to his security question. (Difficulty Level: 5)", "max_attempts": 0, "value": 1000, "category": "Security Misconfiguration", "type": "standard", "state": "visible", "requirements": null}, {"id": 41, "name": "Reset Bjoern's Password Tier 2", "description": "Reset the password of Bjoern's internal account via the <a href=\"/#/forgot-password\">Forgot Password</a> mechanism with <i>the original answer</i> to his security question. (Difficulty Level: 5)", "max_attempts": 0, "value": 1000, "category": "Broken Authentication", "type": "standard", "state": "visible", "requirements": null}, {"id": 42, "name": "NoSQL Injection Tier 1", "description": "Let the server sleep for some time. (It has done more than enough hard work for you) (Difficulty Level: 4)", "max_attempts": 0, "value": 700, "category": "Injection", "type": "standard", "state": "visible", "requirements": null}, {"id": 43, "name": "NoSQL Injection Tier 2", "description": "Update multiple product reviews at the same time. (Difficulty Level: 4)", "max_attempts": 0, "value": 700, "category": "Injection", "type": "standard", "state": "visible", "requirements": null}, {"id": 44, "name": "NoSQL Injection Tier 3", "description": "All your orders are belong to us! (Difficulty Level: 5)", "max_attempts": 0, "value": 1000, "category": "Injection", "type": "standard", "state": "visible", "requirements": null}, {"id": 45, "name": "Retrieve Blueprint", "description": "Deprive the shop of earnings by downloading the blueprint for one of its products. (Difficulty Level: 5)", "max_attempts": 0, "value": 1000, "category": "Forgotten Content", "type": "standard", "state": "visible", "requirements": null}, {"id": 46, "name": "Typosquatting Tier 1", "description": "<a href=\"/#/contact\">Inform the shop</a> about a <i>typosquatting</i> trick it has become victim of. (Mention the exact name of the culprit) (Difficulty Level: 4)", "max_attempts": 0, "value": 700, "category": "Vulnerable Components", "type": "standard", "state": "visible", "requirements": null}, {"id": 47, "name": "Typosquatting Tier 2", "description": "<a href=\"/#/contact\">Inform the shop</a> about a more sneaky instance of <i>typosquatting</i> it fell for. (Mention the exact name of the culprit) (Difficulty Level: 5)", "max_attempts": 0, "value": 1000, "category": "Vulnerable Components", "type": "standard", "state": "visible", "requirements": null}, {"id": 48, "name": "JWT Issues Tier 1", "description": "Forge an essentially unsigned JWT token that impersonates the (non-existing) user <i>jwtn3d@juice-sh.op</i>. (Difficulty Level: 5)", "max_attempts": 0, "value": 1000, "category": "Vulnerable Components", "type": "standard", "state": "visible", "requirements": null}, {"id": 49, "name": "JWT Issues Tier 2", "description": "Forge an almost properly RSA-signed JWT token that impersonates the (non-existing) user <i>rsa_lord@juice-sh.op</i>. (Difficulty Level: 6)", "max_attempts": 0, "value": 1350, "category": "Vulnerable Components", "type": "standard", "state": "visible", "requirements": null}, {"id": 50, "name": "Misplaced Signature File", "description": "Access a misplaced <a href=\"https://github.com/Neo23x0/sigma\">SIEM signature</a> file. (Difficulty Level: 4)", "max_attempts": 0, "value": 700, "category": "Roll your own Security", "type": "standard", "state": "visible", "requirements": null}, {"id": 51, "name": "Deprecated Interface", "description": "Use a deprecated B2B interface that was not properly shut down. (Difficulty Level: 2)", "max_attempts": 0, "value": 250, "category": "Forgotten Content", "type": "standard", "state": "visible", "requirements": null}, {"id": 52, "name": "XXE Tier 1", "description": "Retrieve the content of <code>C:\\Windows\\system.ini</code> or <code>/etc/passwd</code> from the server. <em>(This challenge is <strong>not available</strong> on Docker!)</em> (Difficulty Level: 3)", "max_attempts": 0, "value": 450, "category": "XXE", "type": "standard", "state": "visible", "requirements": null}, {"id": 53, "name": "XXE Tier 2", "description": "Give the server something to chew on for quite a while. <em>(This challenge is <strong>not available</strong> on Docker!)</em> (Difficulty Level: 5)", "max_attempts": 0, "value": 1000, "category": "XXE", "type": "standard", "state": "visible", "requirements": null}, {"id": 54, "name": "RCE Tier 1", "description": "Perform a Remote Code Execution that would keep a less hardened application busy <em>forever</em>. (Difficulty Level: 5)", "max_attempts": 0, "value": 1000, "category": "Insecure Deserialization", "type": "standard", "state": "visible", "requirements": null}, {"id": 55, "name": "RCE Tier 2", "description": "Perform a Remote Code Execution that occupies the server for a while without using infinite loops. (Difficulty Level: 6)", "max_attempts": 0, "value": 1350, "category": "Insecure Deserialization", "type": "standard", "state": "visible", "requirements": null}, {"id": 56, "name": "Blockchain Tier 1", "description": "Learn about the Token Sale before its official announcement. (Difficulty Level: 5)", "max_attempts": 0, "value": 1000, "category": "Security through Obscurity", "type": "standard", "state": "visible", "requirements": null}, {"id": 57, "name": "Security Policy", "description": "Behave like any \"white-hat\" should. (Difficulty Level: 2)", "max_attempts": 0, "value": 250, "category": "Roll your own Security", "type": "standard", "state": "visible", "requirements": null}, {"id": 58, "name": "Steganography Tier 1", "description": "<a href=\"/#/contact\">Rat out</a> a notorious character hiding in plain sight in the shop. (Mention the exact name of the character) (Difficulty Level: 4)", "max_attempts": 0, "value": 700, "category": "Security through Obscurity", "type": "standard", "state": "visible", "requirements": null}, {"id": 59, "name": "Supply Chain Attack", "description": "<a href=\"/#/contact\">Inform the development team</a> about a danger to some of <em>their</em> credentials. (Send them the URL of the <em>original report</em> or the CVE of this vulnerability) (Difficulty Level: 5)", "max_attempts": 0, "value": 1000, "category": "Broken Authentication", "type": "standard", "state": "visible", "requirements": null}, {"id": 60, "name": "Christmas Special", "description": "Order the Christmas special offer of 2014. (Difficulty Level: 4)", "max_attempts": 0, "value": 700, "category": "Injection", "type": "standard", "state": "visible", "requirements": null}, {"id": 61, "name": "User Credentials", "description": "Retrieve a list of all user credentials via SQL Injection (Difficulty Level: 4)", "max_attempts": 0, "value": 700, "category": "Injection", "type": "standard", "state": "visible", "requirements": null}, {"id": 62, "name": "Admin Registration", "description": "Get registered as admin user. (Difficulty Level: 3)", "max_attempts": 0, "value": 450, "category": "Improper Input Validation", "type": "standard", "state": "visible", "requirements": null}, {"id": 63, "name": "XSS Tier 0", "description": "Perform a <i>reflected</i> XSS attack with <code>&lt;iframe src=\"javascript:alert(`xss`)\"&gt;</code>. (Difficulty Level: 1)", "max_attempts": 0, "value": 100, "category": "XSS", "type": "standard", "state": "visible", "requirements": null}, {"id": 64, "name": "XSS Tier 1", "description": "Perform a <i>DOM</i> XSS attack with <code>&lt;iframe src=\"javascript:alert(`xss`)\"&gt;</code>. (Difficulty Level: 1)", "max_attempts": 0, "value": 100, "category": "XSS", "type": "standard", "state": "visible", "requirements": null}, {"id": 65, "name": "XSS Tier 2", "description": "Perform a <i>persisted</i> XSS attack with <code>&lt;iframe src=\"javascript:alert(`xss`)\"&gt;</code> bypassing a <i>client-side</i> security mechanism. (Difficulty Level: 3)", "max_attempts": 0, "value": 450, "category": "XSS", "type": "standard", "state": "visible", "requirements": null}, {"id": 66, "name": "XSS Tier 3", "description": "Perform a <i>persisted</i> XSS attack with <code>&lt;iframe src=\"javascript:alert(`xss`)\"&gt;</code> without using the frontend application at all. (Difficulty Level: 3)", "max_attempts": 0, "value": 450, "category": "XSS", "type": "standard", "state": "visible", "requirements": null}, {"id": 67, "name": "XSS Tier 4", "description": "Perform a <i>persisted</i> XSS attack with <code>&lt;iframe src=\"javascript:alert(`xss`)\"&gt;</code> bypassing a <i>server-side</i> security mechanism. (Difficulty Level: 4)", "max_attempts": 0, "value": 700, "category": "XSS", "type": "standard", "state": "visible", "requirements": null}, {"id": 68, "name": "CSRF", "description": "Change Bender's password into <i>slurmCl4ssic</i> without using SQL Injection or Forgot Password. (Difficulty Level: 5)", "max_attempts": 0, "value": 1000, "category": "Broken Authentication", "type": "standard", "state": "visible", "requirements": null}, {"id": 69, "name": "XSS Tier 5", "description": "Perform a <i>persisted</i> XSS attack with <code>&lt;iframe src=\"javascript:alert(`xss`)\"&gt;</code> through an HTTP header. (Difficulty Level: 4)", "max_attempts": 0, "value": 700, "category": "XSS", "type": "standard", "state": "visible", "requirements": null}, {"id": 70, "name": "Multiple Likes", "description": "Like any review at least three times as the same user. (Difficulty Level: 6)", "max_attempts": 0, "value": 1350, "category": "Race Condition", "type": "standard", "state": "visible", "requirements": null}, {"id": 71, "name": "SSTi", "description": "Infect the server with juicy malware by abusing arbitrary command execution. <em>(This challenge is <strong>not available</strong> on Docker!)</em> (Difficulty Level: 6)", "max_attempts": 0, "value": 1350, "category": "Injection", "type": "standard", "state": "visible", "requirements": null}, {"id": 72, "name": "SSRF", "description": "Request a hidden resource on server through server. (Difficulty Level: 6)", "max_attempts": 0, "value": 1350, "category": "Broken Access Control", "type": "standard", "state": "visible", "requirements": null}, {"id": 73, "name": "Login Amy", "description": "Log in with Amy's original user credentials. (This could take 93.83 billion trillion trillion centuries to brute force, but luckily she did not read the \"One Important Final Note\") (Difficulty Level: 3)", "max_attempts": 0, "value": 450, "category": "Sensitive Data Exposure", "type": "standard", "state": "visible", "requirements": null}, {"id": 74, "name": "XSS Tier 1.5", "description": "Perform an XSS attack with <code>&lt;script&gt;alert(`xss`)&lt;/script&gt;</code> on a legacy page within the application. (Difficulty Level: 2)", "max_attempts": 0, "value": 250, "category": "XSS", "type": "standard", "state": "visible", "requirements": null}, {"id": 75, "name": "Reset Bjoern's Password Tier 1", "description": "Reset the password of Bjoern's OWASP account via the <a href=\"/#/forgot-password\">Forgot Password</a> mechanism with <i>the original answer</i> to his security question. (Difficulty Level: 3)", "max_attempts": 0, "value": 450, "category": "Broken Authentication", "type": "standard", "state": "visible", "requirements": null}, {"id": 76, "name": "Access Log", "description": "Gain access to any access log file of the server. (Difficulty Level: 4)", "max_attempts": 0, "value": 700, "category": "Sensitive Data Exposure", "type": "standard", "state": "visible", "requirements": null}, {"id": 77, "name": "DLP Failure Tier 1", "description": "Identify an unsafe product that was removed from the shop and <a href=\"/#/contact\">inform the shop</a> which ingredients are dangerous. (Difficulty Level: 4)", "max_attempts": 0, "value": 700, "category": "Sensitive Data Exposure", "type": "standard", "state": "visible", "requirements": null}, {"id": 78, "name": "DLP Failure Tier 2", "description": "Dumpster dive the Internet for a leaked password and log in to the original user account it belongs to. (Creating a new account with the same password does not qualify as a solution.) (Difficulty Level: 5)", "max_attempts": 0, "value": 1000, "category": "Sensitive Data Exposure", "type": "standard", "state": "visible", "requirements": null}, {"id": 79, "name": "Lost in Recycling", "description": "Find an old <a href=\"/#/recycle\">Recycle request</a> and <a href=\"/#/contact\">inform the shop</a> about its unusual address. (Mention the entire delivery or pickup address in your comment) (Difficulty Level: 4)", "max_attempts": 0, "value": 700, "category": "Injection", "type": "standard", "state": "visible", "requirements": null}, {"id": 80, "name": "Two Factor Authentication", "description": "Solve the 2FA challenge for user \"wurstbrot\". (Disabling, bypassing or overwriting his 2FA settings does not count as a solution) (Difficulty Level: 5)", "max_attempts": 0, "value": 1000, "category": "Broken Authentication", "type": "standard", "state": "visible", "requirements": null}], "meta": {}}