{"count": 80, "results": [{"id": 1, "challenge_id": 1, "type": "static", "content": "d1b47b43506458032c469e3c280abcb14b0f5eae", "data": null}, {"id": 2, "challenge_id": 2, "type": "static", "content": "3893e1a774b523c78dbb28433a914f19d7c8b475", "data": null}, {"id": 3, "challenge_id": 3, "type": "static", "content": "b9c2ab47e0e082c4220ad13b419b0408d5debb19", "data": null}, {"id": 4, "challenge_id": 4, "type": "static", "content": "593344f1cc912f34ab18dfe2182f2f1986e8cf5d", "data": null}, {"id": 5, "challenge_id": 5, "type": "static", "content": "e050cb1eed1518f66a33f9be2fb7401629433ac1", "data": null}, {"id": 6, "challenge_id": 6, "type": "static", "content": "544cf38139512eba05095939c3b50820a7abfe41", "data": null}, {"id": 7, "challenge_id": 7, "type": "static", "content": "18cc47ebea867d071c47d2b58a21a83902b29104", "data": null}, {"id": 8, "challenge_id": 8, "type": "static", "content": "b90c2c98ebab67064a9d35403923b2d9350f23ab", "data": null}, {"id": 9, "challenge_id": 9, "type": "static", "content": "7b078e4fb32ff267847af4792a3563f6c37037de", "data": null}, {"id": 10, "challenge_id": 10, "type": "static", "content": "eb28299119408a9fada503912bca82696d96cb86", "data": null}, {"id": 11, "challenge_id": 11, "type": "static", "content": "7598502483bfd974caf3006ca8f8e6ccbecd3449", "data": null}, {"id": 12, "challenge_id": 12, "type": "static", "content": "2796becc495d262dc7bcc002bf3358ec11b491ef", "data": null}, {"id": 13, "challenge_id": 13, "type": "static", "content": "a73da8eab8911bcddb430c0bbbd35828d6b82244", "data": null}, {"id": 14, "challenge_id": 14, "type": "static", "content": "fae8de1ad8a4a8d20b017e9315e64425b1012426", "data": null}, {"id": 15, "challenge_id": 15, "type": "static", "content": "689c1afc92f7526471eb1c184a399e2e4d2e400d", "data": null}, {"id": 16, "challenge_id": 16, "type": "static", "content": "6b7b9921dea72d0a0aebe493c26c5bfc98d5fe0b", "data": null}, {"id": 17, "challenge_id": 17, "type": "static", "content": "0273ea1ca22d3d7e8a1df2a3d0b6f986ae1a6b38", "data": null}, {"id": 18, "challenge_id": 18, "type": "static", "content": "eb25fc226b9dd83557f130ea387f128ac8cb9b50", "data": null}, {"id": 19, "challenge_id": 19, "type": "static", "content": "3e3d9ffaa27519dc7c012c88ab63cf66edacec0f", "data": null}, {"id": 20, "challenge_id": 20, "type": "static", "content": "da0a34ff2261d3f02702e6c413b65ada8ba72c39", "data": null}, {"id": 21, "challenge_id": 21, "type": "static", "content": "319b8a675a5175cd68690118e3dac438425dbebe", "data": null}, {"id": 22, "challenge_id": 22, "type": "static", "content": "929c59c55c5638655d01afdcc00b8d96b3ea7dcb", "data": null}, {"id": 23, "challenge_id": 23, "type": "static", "content": "4b89afa320fe1d6d72021d43aed289a06a90314c", "data": null}, {"id": 24, "challenge_id": 24, "type": "static", "content": "5ec3e33506e1622be9483f6330617adcba688a97", "data": null}, {"id": 25, "challenge_id": 25, "type": "static", "content": "6b7cdb37d922cd5f08ae959a0dfd68ac2ceb8ce6", "data": null}, {"id": 26, "challenge_id": 26, "type": "static", "content": "4bbaf594d49339b3d39bd52a6ac883157d427c3c", "data": null}, {"id": 27, "challenge_id": 27, "type": "static", "content": "a45a31ccfbce4ca36b9f01fcf27d97d369a3c01b", "data": null}, {"id": 28, "challenge_id": 28, "type": "static", "content": "67ac74497da6a041ae8146bc9b17b252741b745d", "data": null}, {"id": 29, "challenge_id": 29, "type": "static", "content": "f06c7550d5172e147201d7f41ec37302abf80d1e", "data": null}, {"id": 30, "challenge_id": 30, "type": "static", "content": "bedfdc596282802677c469bab8df5a0f23118163", "data": null}, {"id": 31, "challenge_id": 31, "type": "static", "content": "606e8dc45f0e4ec79c510ebf0a15f1090c685f46", "data": null}, {"id": 32, "challenge_id": 32, "type": "static", "content": "08a6593c3b65195878a904e357fb8aa73b1bcdf3", "data": null}, {"id": 33, "challenge_id": 33, "type": "static", "content": "29e93a0b778dac64709a4d60d3ecdec3c1fa8ef4", "data": null}, {"id": 34, "challenge_id": 34, "type": "static", "content": "f0fdfb0e08793ddf731b7a9373c244e7e0a26900", "data": null}, {"id": 35, "challenge_id": 35, "type": "static", "content": "072b686a391fecead43e8eb70236c31a9ed4df60", "data": null}, {"id": 36, "challenge_id": 36, "type": "static", "content": "2abd863902846527487fe4bfdaf08fc3e5a08b16", "data": null}, {"id": 37, "challenge_id": 37, "type": "static", "content": "4d5f959a011d63d29e4e3c5cbce255dcf9782b9c", "data": null}, {"id": 38, "challenge_id": 38, "type": "static", "content": "997a9735c25babc418cbdece6be13018dffac11c", "data": null}, {"id": 39, "challenge_id": 39, "type": "static", "content": "3140b73e916b310f221ffe3e3cb13a07f4cf4676", "data": null}, {"id": 40, "challenge_id": 40, "type": "static", "content": "e140c008c0765052e120dcae38575e34d446932d", "data": null}, {"id": 41, "challenge_id": 41, "type": "static", "content": "19b7a1c4183d4655faaf7492026c4c4d5c3584ff", "data": null}, {"id": 42, "challenge_id": 42, "type": "static", "content": "8a39272f29b29fd7e1d1b35690daac49165ae046", "data": null}, {"id": 43, "challenge_id": 43, "type": "static", "content": "86166d095f1a0fc1c576d441e2a60696734dcbc7", "data": null}, {"id": 44, "challenge_id": 44, "type": "static", "content": "1b264ee85a0786ed856d5d12c0b81bf0088459a9", "data": null}, {"id": 45, "challenge_id": 45, "type": "static", "content": "134b49cf41904aeda9f285775ffc87663c6b439c", "data": null}, {"id": 46, "challenge_id": 46, "type": "static", "content": "fedcd3fc1b1e84feae590f160415f3b4cf3e0fda", "data": null}, {"id": 47, "challenge_id": 47, "type": "static", "content": "1e02834a4313fe3c2b1c7c0e7d1b338d99af85a2", "data": null}, {"id": 48, "challenge_id": 48, "type": "static", "content": "be1aee95be8cf754d436640b0c34885f86a88026", "data": null}, {"id": 49, "challenge_id": 49, "type": "static", "content": "bfc63af20d8bb4d38d4c4adc143d48727e95d4b5", "data": null}, {"id": 50, "challenge_id": 50, "type": "static", "content": "a19fc0aa50b43e12491fc9da406f3238ba1c9cc7", "data": null}, {"id": 51, "challenge_id": 51, "type": "static", "content": "5a9b5126ee4d4fbffda0657fe4a7ccc283dd4b02", "data": null}, {"id": 52, "challenge_id": 52, "type": "static", "content": "7047824c1055d3236da23ed6559bfa03611fa304", "data": null}, {"id": 53, "challenge_id": 53, "type": "static", "content": "91950625dd439776bc23024feec0624aa9d613c5", "data": null}, {"id": 54, "challenge_id": 54, "type": "static", "content": "fe1fcedcaa47e05edc47db373cb488caee7fef64", "data": null}, {"id": 55, "challenge_id": 55, "type": "static", "content": "0cbf17f4f6d8f9cfb13fb2ccda2680170dea66b5", "data": null}, {"id": 56, "challenge_id": 56, "type": "static", "content": "c211173468e995a8962263a99955894be8b91aac", "data": null}, {"id": 57, "challenge_id": 57, "type": "static", "content": "809d5396ec5283c7069f2acecaa97d41e4ba34fa", "data": null}, {"id": 58, "challenge_id": 58, "type": "static", "content": "8aef16cb3992e98565633bcec250253b44e1a449", "data": null}, {"id": 59, "challenge_id": 59, "type": "static", "content": "7149a0c300dcb3f0606cc990ed31e6be809305fb", "data": null}, {"id": 60, "challenge_id": 60, "type": "static", "content": "ac1575fc5aca8fa73d9e4fa80a0b8496a1140512", "data": null}, {"id": 61, "challenge_id": 61, "type": "static", "content": "10911d1579e1a58018003e35c24fb4506d4a9433", "data": null}, {"id": 62, "challenge_id": 62, "type": "static", "content": "6b37c694b29aa52856ef3aeaadc7153d795babf4", "data": null}, {"id": 63, "challenge_id": 63, "type": "static", "content": "9cb9d5789c0662753c28374672e26a726b13a956", "data": null}, {"id": 64, "challenge_id": 64, "type": "static", "content": "3871c78d1858201d7c5d5d4ae345ba4298cd87b4", "data": null}, {"id": 65, "challenge_id": 65, "type": "static", "content": "6568f6c019a82c0309d8f336b7f61dbf8f4672ea", "data": null}, {"id": 66, "challenge_id": 66, "type": "static", "content": "f291a81574f0c41613c283b1625fcb5072118144", "data": null}, {"id": 67, "challenge_id": 67, "type": "static", "content": "cdc26031915bb7d163a7c48f0e7b38a9374167a5", "data": null}, {"id": 68, "challenge_id": 68, "type": "static", "content": "a29d46fcfaf98dfe2766686b29d896649fc5c06a", "data": null}, {"id": 69, "challenge_id": 69, "type": "static", "content": "79e452ec6463572e9416e1754a46da9e9f8d8d4f", "data": null}, {"id": 70, "challenge_id": 70, "type": "static", "content": "4a32217357f3d277a1b40906a53b8bfa70a51077", "data": null}, {"id": 71, "challenge_id": 71, "type": "static", "content": "75425de6c3b70f684c59e57c0cead0af01650635", "data": null}, {"id": 72, "challenge_id": 72, "type": "static", "content": "59b960d6eef55f9fb5b69c28ea767ed7f63c634a", "data": null}, {"id": 73, "challenge_id": 73, "type": "static", "content": "9204ebe9cac4cee14e8021c1df16cab68b59abca", "data": null}, {"id": 74, "challenge_id": 74, "type": "static", "content": "7b3a96d0a226e553411ce94e80ac66bd6c3935be", "data": null}, {"id": 75, "challenge_id": 75, "type": "static", "content": "3cddb1e4f8d78478de26565c2bc46f8cc7f5d58b", "data": null}, {"id": 76, "challenge_id": 76, "type": "static", "content": "efd831527a105e161de9a299ff141d0533725770", "data": null}, {"id": 77, "challenge_id": 77, "type": "static", "content": "ca18ff0b91aa5e2a2600cfb9577d7f7b0ae98fe6", "data": null}, {"id": 78, "challenge_id": 78, "type": "static", "content": "9227f2911a5da29f0b69a2b45f70bfb585b4e2e9", "data": null}, {"id": 79, "challenge_id": 79, "type": "static", "content": "6bb32ef752e665de693c916d16966ae3d976e0f1", "data": null}, {"id": 80, "challenge_id": 80, "type": "static", "content": "1f4ee3f3842460ee0e2526dc0ed64d2ce8b8821d", "data": null}], "meta": {}}