{"count": 1, "results": [{"id": 1, "title": "None", "route": "index", "content": "<div class=\"row\">\r\n    <div class=\"col-md-6 offset-md-3\">\r\n    <h3 class=\"text-center\"><br>\r\n    HANDS ON WORKSHOP</h3>\r\n        <p class=\"text-center\">\r\n            To get started, please use Firefox and install the <a href=\"https://addons.mozilla.org/firefox/downloads/file/1148493/cors_everywhere-18.11.13.2043-fx.xpi?src=dp-btn-primary\">following plugin.</a>\r\n            <br>To enable it, just click on the red \"Cors E\" icon and it should turn green.\r\n        </p>\r\n        <p class=\"text-center\">After that, <a href=\"/target\">click here to get details of your target</a>. <br>\r\n        (Please be pacient, issuing the target's certificate can take up to 30s.)\r\n    </div>\r\n</div>\r\n", "draft": 0, "hidden": 0, "auth_required": 0}], "meta": {}}